{
    "model_2_0": {
        "advgan_2_a": {
            "model_acc": 0.6606,
            "attack_stats": {
                "L1": 43.130490112304685,
                "L2": 0.9757839202880859,
                "Linf": 0.03125002384185791,
                "%pix": 77.23040161132812,
                "num_batches": 20,
                "time": "1.25ms"
            }
        },
        "advgan_2_b": {
            "model_acc": 0.0954,
            "attack_stats": {
                "L1": 53.439849853515625,
                "L2": 1.403145694732666,
                "Linf": 0.15975735187530518,
                "%pix": 77.23041381835938,
                "num_batches": 20,
                "time": "1.33ms"
            }
        },
        "advgan_1_a": {
            "model_acc": 0.7227,
            "attack_stats": {
                "L1": 41.83179626464844,
                "L2": 0.958209228515625,
                "Linf": 0.03125002384185791,
                "%pix": 75.17775268554688,
                "num_batches": 20,
                "time": "1.23ms"
            }
        },
        "fgsm_c": {
            "black_box": {
                "model_3_0": {
                    "model_acc": 0.4349,
                    "attack_stats": {
                        "L1": 95.05421142578125,
                        "L2": 1.72412166595459,
                        "Linf": 0.031370019912719725,
                        "%pix": 99.11583862304687,
                        "num_batches": 20,
                        "time": "1.43ms"
                    },
                    "clean_model_acc": 0.9244
                },
                "model_3_a": {
                    "model_acc": 0.5212,
                    "attack_stats": {
                        "L1": 95.05421142578125,
                        "L2": 1.72412166595459,
                        "Linf": 0.031370019912719725,
                        "%pix": 99.11583862304687,
                        "num_batches": 20,
                        "time": "1.54ms"
                    },
                    "clean_model_acc": 0.9031
                },
                "model_3_b": {
                    "model_acc": 0.7536,
                    "attack_stats": {
                        "L1": 95.05421142578125,
                        "L2": 1.72412166595459,
                        "Linf": 0.031370019912719725,
                        "%pix": 99.11583862304687,
                        "num_batches": 20,
                        "time": "1.64ms"
                    },
                    "clean_model_acc": 0.7706
                }
            },
            "model_acc": 0.1652,
            "clean_model_acc": 0.9227,
            "attack_stats": {
                "L1": 94.96153564453125,
                "L2": 1.7231943130493164,
                "Linf": 0.031370019912719725,
                "%pix": 99.0232421875,
                "num_batches": 20,
                "time": "1.66ms"
            }
        },
        "pgd_b": {
            "model_acc": 0.0421,
            "attack_stats": {
                "L1": 61.70772705078125,
                "L2": 1.2497610092163085,
                "Linf": 0.031370019912719725,
                "%pix": 90.66453857421875,
                "num_batches": 20,
                "time": "22ms"
            }
        },
        "advgan_12_a": {
            "model_acc": 0.6094,
            "attack_stats": {
                "L1": 38.965771484375,
                "L2": 1.0156564712524414,
                "Linf": 0.08558491468429566,
                "%pix": 71.17532958984376,
                "num_batches": 20,
                "time": "1.7ms"
            }
        },
        "advgan_14_a": {
            "model_acc": 0.3806,
            "attack_stats": {
                "L1": 87.27225341796876,
                "L2": 2.061336898803711,
                "Linf": 0.18412024974823,
                "%pix": 89.29342651367188,
                "num_batches": 20,
                "time": "2.81ms"
            }
        },
        "advgan_14_b": {
            "model_acc": 0.8119,
            "attack_stats": {
                "L1": 61.64133911132812,
                "L2": 1.2641064643859863,
                "Linf": 0.031370019912719725,
                "%pix": 89.29340209960938,
                "num_batches": 20,
                "time": "2.85ms"
            }
        },
        "fgsm_a": {
            "model_acc": {},
            "black_box_sd": {
                "model_3_a": {
                    "model_acc": 0.8807,
                    "clean_model_acc": 0.9031,
                    "attack_stats": {
                        "L1": 823.57880859375,
                        "L2": 15.347552490234374,
                        "Linf": 0.30000007152557373,
                        "%pix": 99.02969970703126,
                        "num_batches": 20,
                        "time": "1.82ms"
                    }
                }
            }
        },
        "advgan_1_b": {
            "model_acc": 0.3107,
            "clean_model_acc": 0.9227,
            "attack_stats": {
                "L1": 44.17579040527344,
                "L2": 1.2553062438964844,
                "Linf": 0.16375216245651245,
                "%pix": 71.43890991210938,
                "num_batches": 20,
                "time": "989us"
            }
        },
        "advgan_15_b": {
            "model_acc": 0.0505,
            "clean_model_acc": 0.9227,
            "attack_stats": {
                "L1": 79.65401000976563,
                "L2": 1.8951711654663086,
                "Linf": 0.17861467599868774,
                "%pix": 88.44097290039062,
                "num_batches": 20,
                "time": "2.91ms"
            }
        },
        "advgan_15_c": {
            "model_acc": 0.0669,
            "clean_model_acc": 0.9227,
            "attack_stats": {
                "L1": 75.70673217773438,
                "L2": 1.8008800506591798,
                "Linf": 0.17084535360336303,
                "%pix": 88.10393676757812,
                "num_batches": 20,
                "time": "3.02ms"
            }
        },
        "advgan_15_a": {
            "model_acc": 0.0656,
            "clean_model_acc": 0.9227,
            "attack_stats": {
                "L1": 82.56788940429688,
                "L2": 1.947412109375,
                "Linf": 0.1829911470413208,
                "%pix": 89.30073852539063,
                "num_batches": 20,
                "time": "2.82ms"
            }
        }
    }
}